Entry content,Entrycontent links
"bŕcniti -em dov. (ŕ ȓ) \n1. suniti, udariti z nogo: konj ga je brcnil; jezno je brcnil psa / vulg. v rit ga brcni, čvekača nesramnega / šalj., kot podkrepitev naj me koklja brcne, če lažem; kot kletvica naj ga koklja brcne\n2. odstraniti kaj s sunkom noge: brcniti stol od sebe; brcniti škatlo skozi vrata\n // pog., ekspr. odpustiti, odsloviti (iz službe): lomil si ga, pa so te brcnili; brcnili so ga iz službe\n \nSlovar slovenskega knjižnega jezika, www.fran.si, dostop 4. 12. 2016.",bŕcniti
"brítof -a m (ȋ) nižje pog. pokopališče: dolgo so hodili po britofu / vulg. imel je trojen podbradek in kurji britof velik trebuh \nSlovar slovenskega knjižnega jezika, www.fran.si, dostop 4. 12. 2016.",brítof
"buzaránt in buzarànt -ánta m (ā á; ȁ á) vulg. homoseksualec \nSlovar slovenskega knjižnega jezika, www.fran.si, dostop 4. 12. 2016.",buzaránt
"cipáriti se -im se nedov. (á ȃ) vulg. vlačugati se, vlačiti se: s kom se cipari zdaj? \nSlovar slovenskega knjižnega jezika, www.fran.si, dostop 4. 12. 2016.",cipáriti se
"cipárna -e ž (ȃ) vulg. javna hiša: ta hiša bo postala prava ciparna \nSlovar slovenskega knjižnega jezika, www.fran.si, dostop 4. 12. 2016.",cipárna
"cízek -zka m (ȋ) \n1. nar. sesek: lepa kravica, samo premajhne cizke ima\n2. vulg. dojka\n \nSlovar slovenskega knjižnega jezika, www.fran.si, dostop 4. 12. 2016.",cízek
"cúrati -am nedov. (ȗ) vulg. opravljati malo potrebo \nSlovar slovenskega knjižnega jezika, www.fran.si, dostop 4. 12. 2016.",cúrati
"cúzek -zka m (ȗ) vulg. dojka \nSlovar slovenskega knjižnega jezika, www.fran.si, dostop 4. 12. 2016.",cúzek
"drèk drêka m, mest. ed. tudi dréku (ȅ é) \n1. vulg. neprebavljeni delci hrane, ki jih organizem izloča skozi črevo; blato, govno, iztrebki: stopiti v drek; kurji, pasji, svinjski drek; smrad po dreku; umij se, smrdiš ko drek\n2. nizko kar je malo vredno, nepomembno: vsak drek si zapiše; joka za vsak drek; tepec boš ostal, če boš bral takle drek tako slabo knjigo\n // bil je proti vojni in sploh vsemu temu dreku\n // malo vreden, nepomemben človek: ti si drek proti njemu / kot psovka na, drek hudičev, da si boš zapomnil, kdaj si izzival\n3. nizko neprijeten, zapleten položaj: zdaj si pa res v dreku; zmeraj je pomagal komu iz dreka\n4. nizko, v prislovni rabi izraža\na) navadno v zvezi z en močno zanikanje ali zelo majhno mero: to me pa res en drek briga; vse si je sam pripravil, doma je en drek dobil; iskal sem, pa sem en drek našel\nb) v povedni rabi omalovaževanje: drek je vse skupaj / elipt. pravi drek, če me premestijo\n5. nizko, v medmetni rabi izraža močno zanikanje ali omalovaževanje: drek, ne bom se pustil; drek, pa taka zabava!\n● nizko vse en drek je, če grem ali ne vseeno je; nizko tako za en drek je, da bi ga še otrok lahko pretepel brez moči, šibek; nizko pritožuje se za vsak drek za vsako malenkost; nizko biti, stati do kolen v dreku biti v zelo neprijetnem, zapletenem položaju\n \nSlovar slovenskega knjižnega jezika, www.fran.si, dostop 4. 12. 2016.",drèk
"drêkast -a -o prid. (é) vulg. umazan: drekast otrok \nSlovar slovenskega knjižnega jezika, www.fran.si, dostop 4. 12. 2016.",drêkast
"drekáti -ám nedov. (á ȃ) vulg. prostaško, grdo govoriti: v gostilni so na vso moč drekali \nSlovar slovenskega knjižnega jezika, www.fran.si, dostop 4. 12. 2016.",drekáti
"dŕkatiSSKJ -am nedov. (ȓ) vulg. \n1. delati, povzročati komu kaj nezaželenega, slabega: Dan na dan te drkajo v glavo, v možgane \n2. samozadovoljevati se: drkati na sliko porno igralke; V letošnjih filmih bo manj pravega seksa kot lani, toda pričakujete lahko veliko masturbacije – moški v glavnem le še drkajo E iz vulg. pomena 'onanirati' < 'drsati' = češ. drkat 'suvati, šklepetati, ropotati' < slovan. *dьrkati k (↑)dŕsati \nSlovar novejšega besedja slovenskega jezika, www.fran.si, dostop 4. 12. 2016.",dŕkati
"fuck cit. [fák] in fák medm. (ȃ) vulg. \nizraža odklonilen odnos do česa: Fuck, pravi potihem in se potem vseeno oglasi | Fak, kako imam zlizano gumo E ← agl. fuck, prvotno 'spolno občevati' \nSlovar novejšega besedja slovenskega jezika, www.fran.si, dostop 4. 12. 2016.",fuck
"fúkati -am nedov. (ȗ) vulg. spolno občevati \nSlovar slovenskega knjižnega jezika, www.fran.si, dostop 4. 12. 2016.",fúkati
"gávzniti -em dov. (á ȃ) vulg. umreti: gavznil bo, preden bo minilo tri dni \nSlovar slovenskega knjižnega jezika, www.fran.si, dostop 4. 12. 2016.",gávzniti
"góflja -e ž (ọ̑) \n1. vulg. usta: ima polno gofljo vode\n● pog., slabš. ta pa ima gofljo zna spretno govoriti, prepričevati; pog., slabš. s to besedo mu je zamašil gofljo mu je onemogočil ugovarjanje\n2. pog., slabš. kdor veliko, predrzno govori: čisto navadna goflja je / kot psovka molči, goflja\n \nSlovar slovenskega knjižnega jezika, www.fran.si, dostop 4. 12. 2016.",góflja
"jájcati se -am se nedov. (ȃ) vulg. jeziti se, razburjati se: stari se spet nekaj jajca \nSlovar slovenskega knjižnega jezika, www.fran.si, dostop 4. 12. 2016.",jájcati se
"jájce -a s (á) \n1. z lupino obdana spolna celica z dosti hranilnih snovi, iz katere se razvije nov organizem, zlasti pri pticah in plazilcih: leči, odlagati jajca; mladiči se izležejo iz jajc; aligatorjeva, golobja, želvina jajca / kobilica izleže med travo več jajc jajčec; mravljinčja jajca mravljinčje bube; žabja jajca žabja jajčeca, obdana s sluzjo\n // taka celica pri domači perutnini, zlasti kokoši: jajce se stre, ubije; kuhati, lupiti, vložiti jajca; nasaditi jajca koklji; nesti, valiti jajca; pobirati jajca iz gnezd; koklja sedi na jajcih; gnilo, pokvarjeno, staro, sveže jajce; kokošja, račja jajca; jajce z dvema rumenjakoma; embalaža za jajca; hodi kakor po jajcih s previdnim, mehkim stopanjem; z njim ravnajo kakor z jajcem zelo obzirno; sedi kot koklja na jajcih zelo vztrajno; podobna sta si kot jajce jajcu / jajce zakrkne; izpihati, izpiti jajce; jajce ocvreti, raztepsti, razžvrkljati, stepsti / (v) mehko kuhano z nezakrknjenim rumenjakom, (v) trdo kuhano jajce z zakrknjenim rumenjakom; na (volovsko) oko ocvrto jajce s celim, nezakrknjenim rumenjakom; jajca v prahu posušena in drobno zmleta\n2. nav. mn., pog. moška spolna žleza, modo: odstraniti jajca mladim samčkom; bikova jajca / nizko suni ga v jajca\n3. kar je po obliki podobno jajcu: jajce iz sladkorja\n● vulg. zberi vsa ta jajca in jih prodaj nepomembne, malo vredne stvari; ekspr. iskati dlako v jajcu pretiravati v zahtevah po natančnosti; ekspr. Kolumbovo jajce navidez nerešljiv problem, enostavno in domiselno rešen; ekspr. kukavičje jajce problem, stvar, s katero kdo zvijačno obremeni drugega; iron. jajce več kot puta ve otroci si domišljajo, da vedo več kot odrasli; preg. boljše prihranjeno jajce kot sneden vol\n♦ agr. prehladiti jajca med valjenjem predolgo pustiti jajca brez ogrevanja; čajna ali pitna jajca zelo sveža jajca, ki se morejo uživati surova; konsumna jajca namenjena prehrani; valilna jajca sveža, oplojena jajca, primerna za valjenje; etn. gnilo jajce otroška igra, pri kateri čepi kaznovani igralec v sredini kroga drugih čepečih igralcev; gastr. nadevano jajce razpolovljeno kuhano jajce, nadevano s pretlačenim rumenjakom in dodatki; med. jajce nastajajoči organizem v prvih mesecih nosečnosti\n \nSlovar slovenskega knjižnega jezika, www.fran.si, dostop 4. 12. 2016.",jájce
"jébati -am in jêbati -am nedov. (ẹ̑; ȇ) vulg. spolno občevati, spolno zadovoljevati: rad bi (jo) jebal\n // grdo, grobo ravnati s kom: takle bedak že ne bo več jebal poštenih ljudi \nSlovar slovenskega knjižnega jezika, www.fran.si, dostop 4. 12. 2016.",jébati
"jebénti in jebênti medm. (ẹ̑; ȇ) vulg. izraža jezo, nejevoljo: jebenti, je zaklel \nSlovar slovenskega knjižnega jezika, www.fran.si, dostop 4. 12. 2016.",jebénti
"kávsati -am nedov. (ȃ) \n1. nav. ekspr. hitro, sunkovito segati s kljunom po čem: kokoši kavsajo travo, zrnje\n // udarjati, tolči s kljunom: koklja jezno kavsa\n2. vulg. spolno občevati\nkávsati se ekspr. tepsti se (s kljunom): petelina sta se kavsala do krvi\n // slabš. zelo se prepirati, prerekati: kavsajo se zaradi dediščine\n \nSlovar slovenskega knjižnega jezika, www.fran.si, dostop 4. 12. 2016.",kávsati
"klínec -nca m (ȋ) \n1. nav. ekspr. klin: zabiti klinec v steno; lesen, železen klinec / čevljarski klinec lesen žebljiček\n // nar. zobotrebec: doma delajo klince\n2. vulg. ničvreden, slab moški: ta klinec je vsega zmožen / kot psovka ti prekleti klinec\n3. v prislovni rabi izraža\na) jezo, omalovaževanje: klinec, pa taka družba / klinec gleda vse skupaj\nb) močno zanikanje: klinec boš dobil, ne pa denar\n \nSlovar slovenskega knjižnega jezika, www.fran.si, dostop 4. 12. 2016.",klínec
"kupleráj -a m (ȃ) vulg. javna hiša: hoditi v kupleraj \nSlovar slovenskega knjižnega jezika, www.fran.si, dostop 4. 12. 2016.",kupleráj
"kúrba -e ž (ȗ) vulg. vlačuga, prostitutka: postala je kurba; imeli so jo za kurbo / kot psovka kurba stara \nSlovar slovenskega knjižnega jezika, www.fran.si, dostop 4. 12. 2016.",kúrba
"kurbaríja -e ž (ȋ) vulg. vlačugarstvo: dokazati komu kurbarijo \nSlovar slovenskega knjižnega jezika, www.fran.si, dostop 4. 12. 2016.",kurbaríja
"kurbáti se -ám se nedov. (á ȃ) vulg. vlačugati se, vlačiti se: že ves čas se kurba \nSlovar slovenskega knjižnega jezika, www.fran.si, dostop 4. 12. 2016.",kurbáti se
"kurbír -ja m (í) vulg. vlačugar: bil je razbrzdanec in kurbir / kot psovka kurbir stari \nSlovar slovenskega knjižnega jezika, www.fran.si, dostop 4. 12. 2016.",kurbír
"kurbírstvo -a s (ī) vulg. vlačugarstvo: obsojali so jo zaradi kurbirstva / vsem je bilo znano njegovo kurbirstvo \nSlovar slovenskega knjižnega jezika, www.fran.si, dostop 4. 12. 2016.",kurbírstvo
"kurbíšče -a s (í) vulg. javna hiša: hoditi v kurbišča \nSlovar slovenskega knjižnega jezika, www.fran.si, dostop 4. 12. 2016.",kurbíšče
"kúrec -rca m (ȗ) vulg. \n1. moški spolni ud: pokazati kurec\n2. ničvreden, slab moški: ta kurec je vsega zmožen / kot psovka ta prekleti kurec\n3. v prislovni rabi izraža\na) jezo, omalovaževanje: kurec, pa taka družba / kurec te gleda\nb) močno zanikanje: to me pa (en) kurec briga\n \nSlovar slovenskega knjižnega jezika, www.fran.si, dostop 4. 12. 2016.",kúrec
"kúrji -a -e prid. (ȗ) nanašajoč se na kure: kurje jajce, meso; kurje perje; pot se vleče kot (kurja) čreva zelo\n // kurja obara / kurja polt zaradi mraza ali groze naježena koža; kurje prsi ozke, izbočene prsi; kurja slepota zmanjšana sposobnost za videnje v mraku; kurje oko kožna odebelina, zadebelina s poroženelim strženom\n● vulg. imel je trojen podbradek in kurji britof velik trebuh; ekspr. biti kurje pameti neinteligenten\n♦ bot. kurja čreva, črevca njivski plevel s poleglimi stebelci in drobnimi belimi cveti, Stellaria media \nSlovar slovenskega knjižnega jezika, www.fran.si, dostop 4. 12. 2016.",kúrji
"lárfa -e ž (ȃ) nižje pog. \n1. predmet za pokritje obraza, glave, ki navadno nekaj predstavlja; maska: nadeti, sneti si larfo; papirnata larfa; kupiti larfo čarovnice / srečati larfo\n2. slabš. vpadljivo oblečena ženska, zlasti lahkoživa: saj ni treba, da hodiš okrog kot kaka larfa / kot psovka tiho bodi, larfa\n // vulg. ženska sploh: še vedno hodi s tisto larfo\n \nSlovar slovenskega knjižnega jezika, www.fran.si, dostop 4. 12. 2016.",lárfa
"lésti lézem nedov. (ẹ́ ẹ̑) \n1. premikati se, dotikajoč se podlage s telesom: kača, polž leze; gosenica leze po listu; po poti lezejo deževniki; pren., ekspr. temen oblak leze čez sonce\n // premikati se tako, da je telo zelo blizu podlage: mravlja leze; čebele lezejo po satu; muha leze po šipi / tiger leze proti svoji žrtvi se plazi\n // navadno s prislovnim določilom premikati se, pomagajoč si z nogami in rokami: lesti izpod postelje, s skale; lesti skozi okno; previdno je lezel v vodo / gledati otroka, kako hitro leze / lesti čez ograjo, na drevo plezati\n2. ekspr., navadno s prislovnim določilom počasi, navadno tudi s težavo premikati se: veslali so proti toku, zato je čoln samo lezel; vlak leze po strmini / prihuljene postave so lezle iz teme; bolnik leze od postelje k mizi; skupina planincev leze proti vrhu; upognjen pod težkim bremenom leze navkreber / ko je začutil nevarnost, je njegova roka previdno lezla proti orožju / kazalec leze proti dvanajsti; sonce leze višje in višje; pren. njegov pogled je lezel po obrazih prisotnih\n // počasi teči, polzeti: znojne kaplje mu lezejo po čelu; solza leze po licu / reka leze po ravnini\n3. ekspr. hoditi, iti: kadar je mogel, je lezel v mesto; kaj pa lezeš tja, če si bolan; lezeš kot polž zelo počasi\n // lesti po vseh štirih\n4. nav. ekspr., s prislovnim določilom prodirati, riniti iz česa ali v kaj: žebelj leze iz deske; kol pod težkimi udarci počasi leze v tla / prva travica že leze iz zemlje\n // počasi v majhni količini, stopnji prihajati: iz vseh razpok je lezla voda / ekspr. jutranja svetloba leze skozi nizka okna / mraz leze v sobo, v telo\n5. navadno s prislovnim določilom počasi se premikati s prvotnega, navadnega mesta: naramnica ji leze z rame; nahrbtnik mu leze na stran; hlače lezejo dol / ne maram nositi te rute, ker leze\n6. s prislovnim določilom večati področje svojega delovanja, vplivanja: mraz mu leze po hrbtu; prijetna toplota leze po telesu; utrujenost leze po žilah; bolečina v nogi leze višje in višje\n // rastoč pokrivati vedno večjo površino: slak leze čez plot; bršljan leze po razvalinah\n7. ekspr., navadno v zvezi z v počasi se bližati čemu (slabemu): poletje že leze v jesen; mož že leze proti sedemdesetemu letu / ali ne vidiš, da lezeš v nesrečo / lesti v dolgove; bolj in bolj so lezli v revščino\n8. ekspr. počasi minevati: ure lezejo; čas leze po polževo\n● ekspr. prišlo je vse, kar leze in gre veliko ljudi; ekspr. od presenečenja so mu oči lezle iz jamic gledal je z vedno bolj izbuljenimi očmi; ekspr. gledali so, kako na obzorju vedno bolj leze iz morja gorata obala so najprej vidni vrhovi obale, nato pa vsa; ekspr. sonce leze izza hriba vzhaja, za hrib zahaja; ekspr. zelenje že leze proti vrhu hriba tudi drevje, ki raste bolj blizu vrha, že zeleni; ekspr. hiša že leze na kup se podira, razpada; ekspr. tak je, da pred težavami leze na kup postaja malodušen; ekspr. molčal je in kar lezel na kup, vase iz zadrege, žalosti, ponižnosti se je držal sključeno; ekspr. spanec mu leze na oči postaja zaspan; ekspr. glava mu že leze na prsi zaradi zaspanosti, dremanja sklanja glavo; zaradi starosti se ne more več držati zravnano; šalj. pijača mu že leze v glavo opijanja se, postaja pijan; oče že leze v dve gubé dobiva sključeno držo; ekspr. cesta se vijuga po dolini in leze v hrib se vzpenja; ekspr. strah mu leze v kosti začenja se bati; šalj. to vino je tako, da leze v lase je močno; ekspr. mož leze v leta počasi se stara; pog., ekspr. lesti komu v zadnjico, nekam, vulg. v rit izkazovati komu pretirano vdanost, prijaznost z namenom pridobiti si naklonjenost; žarg. učenec komaj leze težko izdeluje v šoli; pog. blago leze narazen postaja vedno tanjše, se na več mestih trga; ekspr. lica mu lezejo narazen od zadovoljstva poteze obraza kažejo, da je zadovoljen; ekspr. posestvo, premoženje leze narazen se manjša, propada; pog. oči mu že lezejo skupaj postaja zelo zaspan; pog. lesti vkup od lakote biti zelo lačen; postajati slaboten, brez moči od lakote\n \nSlovar slovenskega knjižnega jezika, www.fran.si, dostop 4. 12. 2016.",lésti
"mehúr -ja m (ú) \n1. okrogla tvorba s tankimi stenami, katere notranjost je napolnjena s plinom ali tekočino: mehur se je naredil; predreti mehur; milni mehur; napet mehur / na hrbet si je privezal plavalni mehur / zračni mehurji se dvigajo iz globine vode; pren., knjiž. mehurji luči\n2. polkrožna tvorba, ki se napravi na površju tkiva, zlasti kože, zaradi bolezni ali poškodbe: na koži so se napravili mehurji zaradi sončnih opeklin; gnojni mehurji\n // tej podobna tvorba sploh: obleka se slabo prilega, na hrbtu se delajo mehurji\n3. organ za zbiranje seča: prehladil si je mehur; bolečine v mehurju / izprazniti bolniku mehur; vulg. odcediti si, pog., ekspr. olajšati si mehur opraviti malo potrebo\n // napihniti (svinjski) mehur / sečni mehur\n // nekdaj vrečki podobna priprava iz tega organa, navadno svinjskega, za nošenje tobaka: mehur s tobakom je šel iz rok v roke; v pipo je tlačil tobak iz obrabljenega mehurja / tobačni mehur / mehur tobaka\n♦ anat. žolčni mehur mehur ob jetrih, kjer se zbira (odvečni) žolč; bot. plavalni mehur z zrakom napolnjeni del steljke; metal. plinski mehur droben mehurček plina v ulitkih kot livarska napaka; zool. črnilni mehur črnilna žleza; vzdušni ali ribji mehur organ, s katerim riba uravnava dviganje ali spuščanje v vodi; zvočni mehur organ za krepitev glasu pri nekaterih živalih\n \nSlovar slovenskega knjižnega jezika, www.fran.si, dostop 4. 12. 2016.",mehúr
"mŕda -e ž (r̄) \n1. ekspr. nenaravne, spačene gube, poteze obraza, zlasti okrog ust in nosu: kaj pomeni ta mrda; delati mrdo; obraz je spremenil v jezno, neprijetno mrdo / fant je potegnil mrdo del obraza okrog ust\n // pooseb. prav težko ga gledam, to kislo mrdo\n2. nizko del živalske zadnjice okrog odprtine zadnjega črevesa: kurja mrda\n // vulg. zadnjica: dali so mu jih po mrdi\n \nSlovar slovenskega knjižnega jezika, www.fran.si, dostop 4. 12. 2016.",mŕda
"mŕdati -am nedov. (ȓ) \n1. nekoliko premikati ustnice narazen in skupaj: zajec mrda / v vejah je mrdal polh\n // ekspr. gibati, migati: mrdati z ustnicami / mrdati z obrazom / vulg. mrdati z ritjo\n2. ekspr. s takim premikanjem ustnic kazati, izražati odklonilen odnos do česa: mnogi mrdajo nad njegovimi izjavami; mrdali so se, da je preveč dela\nmŕdati se ekspr. mrgoditi se, mrščiti se: jed mu ni dišala, zato se je mrdal\n \nSlovar slovenskega knjižnega jezika, www.fran.si, dostop 4. 12. 2016.",mŕdati
"mŕdniti -em dov. (ŕ ȓ) ekspr. ganiti, migniti: mrdniti z nosom, obrazom, ustnicami / vulg. mrdniti z ritjo / še mrdnil ne bi, ko bi ga tepli\n● ekspr. no, pač, je hladno mrdnil rekel \nSlovar slovenskega knjižnega jezika, www.fran.si, dostop 4. 12. 2016.",mŕdniti
"napízditi -im dov. (ī ȋ) vulg. \nzelo grobo, glasno ozmerjati, ošteti: Ne moreš kar napizditi človeka, če ni nič kriv E ↑pízditi \nSlovar novejšega besedja slovenskega jezika, www.fran.si, dostop 4. 12. 2016.",napízditi
"nasráti -sérjem dov., nasêrji naserjíte (á ẹ́) vulg. izločiti določeno količino neprebavljenih delcev hrane \nSlovar slovenskega knjižnega jezika, www.fran.si, dostop 4. 12. 2016.",nasráti
"nastáviti -im dov. (á ȃ) \n1. dati, postaviti kaj v položaj\na) za prestrezanje, zadrževanje česa: nastavi dlan, pa ti bom dal ves drobiž; nastaviti kozarec pod pipo; nastavi predpasnik, da ti vržem jabolka / nastaviti ustnice za poljub / nastavil je roko in prestregel udarec / nastavil je kozarec (na usta) in začel piti / ekspr. ustavila se je in nastavila uho prisluhnila\nb) za lovljenje (živali): nastaviti pasti, zanke / nastaviti kaj za vabo; pren., ekspr. nastavil ji je past\nc) da se hitro, dobro vidi: knjigo mu je nastavil na mizo / na sredo sobe je nastavila stvari, pa jih ni videl dala, postavila\n // podstaviti, podtakniti: nastaviti bombo / nastaviti različne ovire, zapreke\n2. teh. narediti s pomočjo priprave za regulacijo, da\na) kaj pravilno, ustrezno deluje: nastaviti zavore, žaromete\nb) se kaj pojavlja v primerni, ustrezni količini: nastaviti dotok plina, vode; nastaviti gretje avtomobila / nastaviti svetlobo z gumbom\n3. nav. ekspr. narediti zarodek, zasnovo, navadno cveta: žito je nastavilo klase; nastaviti popke, semena / grozdje je slabo nastavilo / rastlina je nastavila veliko cvetov\n4. pog. zaposliti: nastaviti novega profesorja za matematiko; nastaviti več strokovnjakov / nastavili so jo za strojepisko\n5. zastar. nadaljevati: pogovor sta nastavila drugi dan / nastaviti pot\n● vulg. nastavila mu je privolila v spolno občevanje z njim; nastaviti budilko na šesto uro postaviti njen mehanizem tako, da bo zvonila ob šesti uri; ekspr. nastaviti ceno določiti; ekspr. nastaviti komu nogo spotakniti ga; ekspr. nastaviti nov sod namestiti pipo na poln sod\n♦ mat. nastaviti enačbo\nnastáviti se nav. ekspr. \n1. priti, postaviti se v opazen, dobro viden položaj: nastavil sem se pred hišo in ga čakal / prav nastavil sem se mu, pa me ni videl\n2. dopustiti delovanje česa na kaj: nastaviti se soncu, vetru; nastaviti obraz vročini / ekspr. nastaviti se sovražnikovim kroglam\nnastávljen -a -o: bil je nastavljen za profesorja; sod je nastavljen; nastavljena dlan; ujeti se v nastavljeno past; optika mora biti pravilno nastavljena; po sobi nastavljeno pohištvo / stvar je bila dobro nastavljena zastavljena, zasnovana\n \nSlovar slovenskega knjižnega jezika, www.fran.si, dostop 4. 12. 2016.",nastáviti
"obrísati obríšem dov., tudi obrisála (í ȋ) narediti kaj suho, čisto z drgnjenjem, zlasti s tkanino: obrisati mizo, posodo; obrisati se z brisačo; obrisati si nos; obrisati si čevlje ob travo; roke si obrisati v predpasnik / obrisati do suhega\n // odstraniti kaj z drgnjenjem, zlasti s tkanino: obrisati prah; obrisati si solze; obrisati si pot s čela / evfem. obriši si nos usekni se; pren. burja je obrisala sneg\n● ekspr. daj, obriši ga po nosu udari ga; ekspr. nebo se je obrisalo zjasnilo; pog., ekspr. pod nosom se lahko obriše za to ne bo dobil tega; ekspr. ni vreden, da bi si čevelj obrisal obenj zelo malo, nič; vulg. s tem spričevalom si lahko zadnjico obrišeš je brez vrednosti, pomena\nobrísan -a -o: obrisana posoda\n \nSlovar slovenskega knjižnega jezika, www.fran.si, dostop 4. 12. 2016.",obrísati
"odcedíti -ím dov., odcêdi in odcédi; odcédil (ī í) počasi odliti: odcediti čaj, kavo; ko se gošča usede, tekočino odcedimo\n // s počasnim odlivanjem narediti, da kaj ni v tekočini: odcediti krompir, testenine / umiti paprike in jih odcediti na cedilu; stresti zelenjavo na sito, da se odcedi\n● vulg. odcediti si mehur opraviti malo potrebo\nodcedíti se počasi odteči: ko se voda odcedi, dodamo zelenjavo / ekspr. na križišču je postal, da se je odcedila reka avtomobilov počasi odpeljala\nodcejèn -êna -o: odcejene jagode potresemo s sladkorjem\n \nSlovar slovenskega knjižnega jezika, www.fran.si, dostop 4. 12. 2016.",odcedíti
"odcéjati -am nedov. (ẹ́) počasi odlivati: odcejati tekočino nad usedlino / odcejati med iz satovja izcejati\n // s počasnim odlivanjem delati, da kaj ni v tekočini: odcejati testenine\nodcéjati se \n1. počasi odtekati: voda se odceja izpod talečih se snežišč / gnoj se odceja iz rane se cedi\n2. vulg. opravljati malo potrebo: najraje se je odcejal v naravi, zunaj\n● star. delo se mu hitro odceja napreduje, poteka\n \nSlovar slovenskega knjižnega jezika, www.fran.si, dostop 4. 12. 2016.",odcéjati
"odrekáti -ám dov. (á ȃ) \n1. vulg. umazati z blatom, iztrebki: odrekati obleko\n2. nizko vzeti ugled, osramotiti: pred ljudmi ga je odrekal\n \nSlovar slovenskega knjižnega jezika, www.fran.si, dostop 4. 12. 2016.",odrekáti
"oscánka -e ž (á) vulg. deklica, ki še ne more zavestno uravnavati odvajanja seča: polletna oscanka \nSlovar slovenskega knjižnega jezika, www.fran.si, dostop 4. 12. 2016.",oscánka
"oscáti oščíjem tudi oščím dov., oščíj oščíjte tudi oščì oščíte; oscál (á í, í) vulg. zmočiti s sečem: pijanec je oscal ograjo\noscáti se opraviti malo potrebo: se je že oscal\n \nSlovar slovenskega knjižnega jezika, www.fran.si, dostop 4. 12. 2016.",oscáti
"osranè -éta m (ȅ ẹ́) vulg. bojazljiv, strahopeten človek: ta osrane si še spregovoriti ni upal \nSlovar slovenskega knjižnega jezika, www.fran.si, dostop 4. 12. 2016.",osranè
"osranè -éta s (ȅ ẹ́) vulg. bojazljiv, strahopeten človek: kaj bo naredilo to osrane / kot psovka osrane prekleto \nSlovar slovenskega knjižnega jezika, www.fran.si, dostop 4. 12. 2016.",osranè
"osránec -nca m (á) vulg. kdor je umazan z blatom, iztrebki: malega osranca je postavila v kad\n // bojazljiv, strahopeten človek: na te osrance se ne moreš zanesti, preveč se bojijo / kot psovka še tega si ne upaš, osranec \nSlovar slovenskega knjižnega jezika, www.fran.si, dostop 4. 12. 2016.",osránec
"osráti osérjem dov., osêrji oserjíte (á ẹ́) \n1. vulg. z iztrebljanjem umazati: krava je osrala ograjo; živina se je osrala po nogah\n2. nizko vzeti ugled, osramotiti: osral me je pri vseh znancih\nosrán -a -o: zdaj sem čisto osran pri njih; osrane krave\n● nizko vse zaradi te osrane kupčije nepomembne, ničvredne\n \nSlovar slovenskega knjižnega jezika, www.fran.si, dostop 4. 12. 2016.",osráti
"oščájati se1 -am se nedov. (á) vulg. opravljati malo potrebo: skozi okno je videl voznike, ki so se oščajali na dvorišču \nSlovar slovenskega knjižnega jezika, www.fran.si, dostop 4. 12. 2016.",oščájati se
"páriti -im in paríti -ím nedov. (á ȃ; ī í) spolno združevati živali, navadno za pleme: takega psa ne smejo pariti; pariti živino / pariti osla s kobilo\npáriti se, in paríti se \n1. pri živalih spolno se združevati: večina živali se pari spomladi\n2. vulg. spolno občevati: pari se z najrazličnejšimi ženskami\n \nSlovar slovenskega knjižnega jezika, www.fran.si, dostop 4. 12. 2016.",páriti
"pezdèc -à in pèzdec -a [pəzdəc] m (ə̏ ȁ; ə̄) \n1. vulg. glas, ki nastane pri izločitvi plinov iz črevesja: spustil je pezdec\n2. redko pezde: ne bo zbežal, saj ni pezdec\n \nSlovar slovenskega knjižnega jezika, www.fran.si, dostop 4. 12. 2016.",pezdèc
"pezdéti -ím [pəz] nedov., pezdì in pèzdi (ẹ́ í) vulg. izločati pline iz črevesja: konj je kar naprej pezdel \nSlovar slovenskega knjižnega jezika, www.fran.si, dostop 4. 12. 2016.",pezdéti
"píčka -e ž (ȋ) vulg. žensko spolovilo: pička in rit\n // ženska, zlasti mlada: kdo je tista pička \nSlovar slovenskega knjižnega jezika, www.fran.si, dostop 4. 12. 2016.",píčka
"píhati -am nedov., tudi pihájte; tudi pihála (í) \n1. nav. 3. os. gibati, premikati se z enega področja na drugo zaradi razlik v zračnem pritisku, temperaturi: zunaj piha; imeli smo sončno vreme, vendar je precej pihalo; pihati v sunkih / zapri vrata, pod noge mi piha čutim hlad, premikanje hladnega zraka okrog nog\n // veter piha; v obraz ji je pihala topla večerna sapa\n2. iztiskati zrak skozi priprta, našobljena usta, navadno z določenim namenom: pihati v ogenj, žerjavico; močno pihati; pihati in puhati / pihati cigaretni dim v zrak; pihati si toplo sapo v premrle roke / pihati skozi nos; ekspr. to je pihal, ko je šel v hrib hitro dihal, sopihal\n // s pihanjem\na) odstranjevati: pihati prah, smeti z mize\nb) hladiti, ohlajati: pihati vročo juho; pihaj, da se ne opečeš\nc) lajšati bolečine: pihala mu je krvaveči prstek\n3. dajati, oddajati enakomeren tok zraka: kalorifer piha topel zrak\n4. s pihanjem izražati navadno strah, občutek ogroženosti: mačka je začela pihati; jezno pihati\n // ekspr. izražati jezo, nejevoljo, sovražnost: žena že ves dan piha proti njemu / pihati od jeze, togote, zavisti / jezen je, da kar piha zelo je jezen\n5. igrati (na) pihalni instrument: godci so začeli pihati in piskati / piha na orglice, redko v trobento\n6. obrt., v zvezi pihati steklo s steklarsko pipo oblikovati kroglico steklene mase v steklarski izdelek: že več let piha steklo\n● ekspr. vem, od kod veter piha kakšen je skriti namen takega govorjenja, ravnanja; ekspr. vlak je pihal proti goram peljal; ekspr. zdaj piha za nas ugoden veter razmere, okoliščine so za nas ugodne; žarg., avt. voznik je moral pihati opraviti poskus z alkotestom; ekspr. z nastopom novega šefa je začel pihati drug veter razmere so se spremenile; ekspr. ne boš (nam) kaše pihal delal težav v kaki stvari, se vmešaval; pog., ekspr. pihati dekletu na dušo, srce vneto ji prigovarjati, dvoriti; pog., ekspr. dolgo mu je pihal na dušo, pa zaman mu prigovarjal, ga prepričeval; ekspr. po gadje je pihala zelo je bila jezna\npihajóč -a -e: močno pihajoč veter\npíši -te: ekspr. piši me v uho, vulg. v rit izraža veliko omalovaževanje, brezbrižnost; nizko pišite me nekam s svojim tožarjenjem ne maram vas več poslušati; prim. vritmepiši\n \nSlovar slovenskega knjižnega jezika, www.fran.si, dostop 4. 12. 2016.",píhati
"pízda -e ž (ī) vulg. \n1. žensko spolovilo: pizda in kurec\n2. ničvreden, slab človek: pizda si, če tega ne narediš / kot psovka molči, ti pizda\n \nSlovar slovenskega knjižnega jezika, www.fran.si, dostop 4. 12. 2016.",pízda
"pizdaríja -e ž (ȋ) vulg. \n1. neprimerno, grdo, slabo dejanje: delati pizdarije; Takrat bom polnoleten in ne boš več odgovorna zame in se ti ne bo več treba sekirati zaradi mojih pizdarij \n2. težave, zmešnjava: Dovolj je en prenapet navijač košarkaškega kluba, pa imamo pizdarijo \n3. neumnost: To, da so se dogajale take stvari, je čista pizdarija E (↑)pízda \nSlovar novejšega besedja slovenskega jezika, www.fran.si, dostop 4. 12. 2016.",pizdaríja
"pízditi -im nedov. (ī ȋ) vulg. \njeziti se, razburjati se in navadno grobo, glasno preklinjati: pizditi čez vse; Gledalci v foteljih pred tevejem pizdijo zaradi sodniških slepomišenj in poznavalsko grmijo nad sfiženimi predložki \n// zelo grobo, glasno zmerjati, oštevati: V ekipi smo se zmenili, da bomo drug o drugem govorili brutalno resnico, da bomo pizdili drug na drugega, ker sicer dokumentarec ne bo zanimiv E ← hrv., srb. pízditi iz (↑)pízda \nSlovar novejšega besedja slovenskega jezika, www.fran.si, dostop 4. 12. 2016.",pízditi
"pizdún -a m, člov. (ȗ) vulg. \nničvreden, neznačajen moški: navaden pizdun; Škoda, da se nisem rodil večji pizdun in egoist, da bi lahko izkoriščal vse po vrsti E (↑)pízda \nSlovar novejšega besedja slovenskega jezika, www.fran.si, dostop 4. 12. 2016.",pizdún
"počépati -am nedov. (ẹ̄ ẹ̑) \n1. večkrat počepniti: ženske so od smeha kar počepale / pred kroglami so počepali za skale / ekspr. pozimi je počepala za pečjo posedala\n● vulg. ljudje so hodili kar v grmovje počepat opravljat potrebo\n // ekspr. sesedati se, podirati se: drevje v sadovnjaku je bilo neočiščeno in plotovi so počepali\n2. slabš. popuščati zahtevam, vdajati se: pestil jih je, da so od strahu počepali drug za drugim\n \nSlovar slovenskega knjižnega jezika, www.fran.si, dostop 4. 12. 2016.",počépati
"počépniti -em dov. (ẹ́ ẹ̑) \n1. stoječ zelo skrčiti noge v kolenih: počepnil je in začel ogledovati sled / počepniti okrog ognja; počepniti v grmovje / ptič je počepnil na vejico sedel; ekspr. počepnila je na tla in tolkla lešnike neudobno sedla\n // ekspr. sesesti se, podreti se: bajta bo ob prvem deževju počepnila\n2. slabš. popustiti zahtevam, vdati se: grozili so mu, pa je počepnil\n● vulg. je ženska, ki pred vsakim počepne ima ljubezenske, spolne odnose z njim\n \nSlovar slovenskega knjižnega jezika, www.fran.si, dostop 4. 12. 2016.",počépniti
"podáti -dám dov., 2. mn. podáste in podáte; podál (á) \n1. s premaknitvijo česa, navadno z iztegom roke, proti komu omogočiti, da ta lahko to prime, vzame: podal mu je klobuk in torbo; podati kozarec; podati opeko / utapljajočemu se je podal kol pomolil; podal mu je roko, da bi zlezel iz vode / star.: podal mu je knjigo v spomin podaril; podal mu je vizitko dal\n● knjiž. podati komu roko dati; podali so si roke in naredili krog prijeli so drug drugega za roke; ekspr. zadnji čas je, da si podasta roke se pobotata\n // knjiž. postreči s čim, servirati kaj: po kosilu so podali kavo; ukazal je, naj podajo večerjo\n // šport. vreči, odbiti žogo, ploščico proti soigralcu z namenom, da jo ujame, odbije: podati žogo; podati z glavo\n2. z besedami in drugimi izraznimi sredstvi omogočiti seznanitev s čim: na začetku je podal evropski okvir dogajanja pri nas v tem času; v knjigi je podal svoje poglede; publ.: podati na simpoziju svoje izsledke poročati o njih; podati po opravljeni kontroli svoje mnenje povedati, napisati\n // umetniško podati pokrajino upodobiti\n♦ šol. podati učno snov\n // z govornimi in drugimi izraznimi sredstvi spraviti kaj v neposredno zaznavno obliko: podati besedilo / glavnega junaka je podal zelo doživeto odigral, zaigral; pesem je podal preveč čustveno zapel\n // publ., z oslabljenim pomenom, z glagolskim samostalnikom izraža dejanje, kot ga določa samostalnik: podati izjavo pred sodiščem; podati poročilo o delu odbora poročati; podati predlog predlagati; podati ugovor, zahtevo\npodáti se \n1. nedov., pog., z dajalnikom povzročati ugoden estetski učinek: kratka frizura se ji poda / šal se k plašču poda; ta barva se dobro poda k vsaki barvi las / to ime se mu ne poda posebno ni primerno, ustrezno zanj; premladostno vedenje se ji ne poda\n2. star. oditi, odpraviti se: podati se s kolesom čez Vršič / podati se od doma / podati se po opravkih iti\n // podati se spat, k počitku iti\n // podati se na pot\n // navadno v zvezi z v narediti, da je osebek deležen zlasti določenega stanja: podati se v nevarnost; podati se v varstvo koga / v to zadevo se ne bi več podal se je ne bi več lotil\n // z oslabljenim pomenom, z glagolskim samostalnikom izraža nastop dejanja, kot ga določa samostalnik: podati se v beg; podati se v boj z nasprotnikom začeti se bojevati; podati se v prepir s kom začeti se prepirati\n3. raba peša vdati se: vojska se je zaradi lakote podala / kljub premoči nasprotnika se ni hotel podati / na njegovo prigovarjanje se je podal in dovolil je prenehal nasprotovati\n // vola sta se počasi le podala in vozila prenehala se upirati, sta postala ubogljiva\n4. spremeniti položaj, obliko pod pritiskom, težo: osi so se podale in obrabile; leseni strop se je od starosti podal / redko razmočena tla so se podala pod njegovo stopinjo udrla\n● nar. vzhodnoštajersko ni se mu hotela podati vdati; knjiž. podati se na področje literature začeti se ukvarjati z literaturo; knjiž. podati se na slaba pota začeti živeti moralno oporečno; vulg. poda se mu kot kravi, svinji sedlo nič se mu ne poda\npodán -a -o: vse vloge so bile podane z enako ljubeznijo; spretno podan predmet\n \nSlovar slovenskega knjižnega jezika, www.fran.si, dostop 4. 12. 2016.",podáti
"podrekáti -ám dov. (á ȃ) vulg. z iztrebljanjem umazati: kokoši so podrekale prag\n // umazati sploh: avto me je oškropil in podrekal\npodrekáti se iztrebiti se: golob se je podrekal na stopnišče\npodrekán -a -o: podrekan kokošnjak\n \nSlovar slovenskega knjižnega jezika, www.fran.si, dostop 4. 12. 2016.",podrekáti
"podréti -drèm in -dêrem dov., stil. poderó; podríte in poderíte; podŕl (ẹ́ ȅ, é) \n1. s silo narediti, da kaj pride iz pokončnega položaja na tla: podreti drevo, drogove; podreti keglje / živina je podrla plot; domine so se podrle / ekspr.: zaletel se je vame in me skoraj podrl; na prehodu za pešce ga je podrl avtomobil povozil, poškodoval\n // ekspr. ustreliti, ubiti: podreti medveda; podrl je več sovražnikovih vojakov / podrl ga je strel iz puške\n2. s silo narediti, da zlasti objekt, objekti razpadejo na dele, kose: plaz je podrl vse hiše v vasi; kozolec so podrli; most se je podrl / podreti skladovnico drv / streha na hiši se je podrla\n // odstraniti z določenega mesta zlasti z razstavljanjem: podreti zidarski oder / podreti šotor / podreti stojnice\n3. sparati: podreti obleko / podreti jopico\n4. nav. ekspr. narediti, povzročiti, da zlasti kako stanje preneha: podreti ravnotežje / podreti komu upanje, veselje; brezoseb. v njej se je nekaj podrlo\n5. ekspr. vzeti pomen, veljavo, vrednost: podrl je ves učinek nastopa; podreti komu ugled\n // redko razveljaviti: podreti pogodbo; podreti zaroko\n6. ekspr. čustveno zelo prizadeti: žalostna novica ga je podrla / skrbi so jo skoraj podrle\n● ekspr. že kozarec vina ga podre hitro se opije; ekspr. podreti mostove med seboj, za seboj onemogočiti si zbližanje, vrnitev; publ. podreti rekord preseči; vulg. veliko žensk je že podrl spolno občeval z njimi; otr. dojenčku se je kupček podrl spahnilo se mu je; ekspr. pri sosedovih se je peč podrla rodil se jim je otrok; ekspr. zaradi tega se svet ne bo podrl se ne bo zgodilo nič hudega; ekspr. ne grem, pa če se svet podre nikakor ne grem\npodŕt -a -o: podrt zid; podrto drevo; upanje še ni podrto\n \nSlovar slovenskega knjižnega jezika, www.fran.si, dostop 4. 12. 2016.",podréti
"podrískati se -am se dov. (ī ȋ) ekspr. iztrebiti se: otrok se je podriskal\n● vulg. podriskam se na to popolnoma nič ne upoštevam tega \nSlovar slovenskega knjižnega jezika, www.fran.si, dostop 4. 12. 2016.",podrískati se
"podžgáti -žgèm dov., podžgál (á ȅ) \n1. narediti, povzročiti, da nastane ogenj: vse je pripravljeno v peči, samo podžgati je treba; podžgati s trskami / podžgati grmado, slamo / podžgati ogenj narediti\n2. ekspr. spodbuditi, navdušiti: govornikove besede so jih podžgale; uspeh ga je podžgal k še intenzivnejšemu delu / podžgati koga proti komu nahujskati, naščuvati\n3. ekspr. povzročiti, vzbuditi: njegove besede so podžgale odpor do stvari; želja po maščevanju mu je podžgala pogum; to ga je podžgalo, da je rekel več, kot bi bil smel\n // v zvezi s še povečati stopnjo, intenzivnost česa: dogodek je še podžgal jezo nanj; dekletovo vedenje je še podžgalo njegovo ljubezen; tisto malo, kar je izvedela, je še podžgalo njeno radovednost\n● ekspr. vino je družbo močno podžgalo razvnelo, razgibalo; vulg. temu človeku bi bilo treba pod ritjo podžgati, da bi kaj ukrenil v svojem ravnanju je zelo ravnodušen, neprizadet\npodžgán -a -o: podžgani od njegove vneme, so še sami začeli hiteti\n \nSlovar slovenskega knjižnega jezika, www.fran.si, dostop 4. 12. 2016.",podžgáti
"pofúkan -a -o prid. (ȗ) vulg. \nki je skrajno neugoden, neprijeten: pofukani smrkavec; Pofukani telefoni non-stop zvonijo E (↑)pofúkati \nSlovar novejšega besedja slovenskega jezika, www.fran.si, dostop 4. 12. 2016.",pofúkan
"pofúkati -am dov. (ȗ) vulg. opraviti spolno občevanje \nSlovar slovenskega knjižnega jezika, www.fran.si, dostop 4. 12. 2016.",pofúkati
"pojáhati -am tudi -jášem dov. (ā) \n1. začeti jahati: osedlali so konje in pojahali / pojahati do gozda, čez polje odjahati\n2. vulg. opraviti spolno občevanje: pojahal jo je\n● pog. ubogali bodo, ali jih bo pa hudič, vrag pojahal ali pa bodo čutili zelo neprijetne, hude posledice; pog. če bo šlo tako naprej, nas bo vse skupaj hudič pojahal bomo vsi propadli\n \nSlovar slovenskega knjižnega jezika, www.fran.si, dostop 4. 12. 2016.",pojáhati
"popízditi -im dov. (ī ȋ) vulg. \nzelo se razjeziti, razburiti in navadno začeti grobo, glasno preklinjati: Pogledam skozi okno in zarobantim, da bom čisto zares popizdila, če bom morala po vsem skupaj še v tem dežju hoditi do doma E ↑pízditi \nSlovar novejšega besedja slovenskega jezika, www.fran.si, dostop 4. 12. 2016.",popízditi
"porívati -am nedov. (í) \n1. s sunki, rinjenjem (od zadaj) povzročati premikanje, hitrejše premikanje: porivati avtomobil; sani sta le s težavo porivala / porival ga je pred seboj rinil\n // s prislovnim določilom s sunki, rinjenjem spravljati, dajati kam: porivati čoln v morje; mizo so porivali na sredo sobe / te mišice s krčenjem porivajo hrano naprej\n2. s sunki, rinjenjem spravljati z določenega mesta, položaja: porivati vrata s hrbtom / zakaj me pa porivaš\n3. pog. spravljati kam, dajati kam kaj odvečnega: tako blago so porivali njemu / neprijetne opravke sta porivala drug drugemu\n● pog. v trgovinah so jim porivali pokvarjena živila prodajali, ponujali\n // navadno v zvezi z v spravljati koga v določen položaj, stanje, navadno brez njegove vednosti, privolitve: očita ji, da ga je ona porivala v te špekulacije / razmere so ga vse bolj porivale v pasivnost\n4. vulg. spolno občevati\nporivajóč -a -e: šla je s sklonjeno glavo, porivajoč pred seboj voziček\n \nSlovar slovenskega knjižnega jezika, www.fran.si, dostop 4. 12. 2016.",porívati
"poscanè -éta m (ȅ ẹ́) vulg. deček, ki še ne more zavestno uravnavati odvajanja seča: poscane se dere \nSlovar slovenskega knjižnega jezika, www.fran.si, dostop 4. 12. 2016.",poscanè
"poscánec -nca m (á) vulg. deček, ki še ne more zavestno uravnavati odvajanja seča: poscanci in poscanke \nSlovar slovenskega knjižnega jezika, www.fran.si, dostop 4. 12. 2016.",poscánec
"poscánka -e ž (á) vulg. deklica, ki še ne more zavestno uravnavati odvajanja seča: dveletna poscanka / previj poscanko\n // deklica sploh: ne maram poscanke, rad bi fanta, je dejal oče \nSlovar slovenskega knjižnega jezika, www.fran.si, dostop 4. 12. 2016.",poscánka
"poscáti -ščíjem tudi -ščím dov., poščíj poščíjte tudi poščì poščíte; poscál (á í, í) vulg. zmočiti s sečem: poscati zid; poscati si čevlje\nposcáti se izprazniti sečni mehur: od strahu se je poscal; poscati se v posteljo nehote, bolezensko izprazniti mehur v spanju\n // opraviti malo potrebo: iskal je prostor, kjer bi se poscal\n● vulg. skoraj bi se poscal od smeha zelo sem se smejal; vulg. poščijem in poserjem se na tvoje ukaze izraža veliko omalovaževanje\nposcán -a -o: otrok je poscan in joka; poscane hlače / kot psovka smrkavec poscani\n● vulg. od strahu so vsi poscani in posrani zelo se bojijo; vulg. in vse to zaradi take poscane frklje zelo mlade; sam.: smrdi po poscanem\n \nSlovar slovenskega knjižnega jezika, www.fran.si, dostop 4. 12. 2016.",poscáti
"posranè -éta m (ȅ ẹ́) vulg. bojazljiv, strahopeten človek: bili so sami posraneti, pa so pobegnili \nSlovar slovenskega knjižnega jezika, www.fran.si, dostop 4. 12. 2016.",posranè
"posránec -nca m (á) vulg. kdor je umazan z blatom, iztrebki: umila je malega posranca in ga dala spat\n // bojazljiv, strahopeten človek: kdo bi se bal takega posranca / kot psovka ali se bojiš, posranec \nSlovar slovenskega knjižnega jezika, www.fran.si, dostop 4. 12. 2016.",posránec
"posráti -sérjem dov., posêrji poserjíte (á ẹ́) vulg. \n1. z iztrebljanjem umazati: posrati stranišče; ves se je posral\n2. v zvezi z ga, jo narediti neumnost, lahkomiselnost: že spet si ga posral; to jo je posral\nposráti se iztrebiti se: pazi, da se ne boš posral; posrati se v hlače\n● vulg. poserjem se nate ne cenim te; vulg. poserjem se na predpise ne upoštevam jih; vulg. posrati se pred kom zbati se, izgubiti pogum in zato popustiti, odnehati; vulg. že vem, kje sem ga v nalogi posral kje sem naredil napako, se zmotil\nposrán -a -o \n1. deležnik od posrati: od muh posrane žarnice\n2. bojazljiv, strahopeten: ni maral imeti opravka s takim posranim človekom / zakričal je nanj, pa je bil ves posran zelo prestrašen\n♦ vulg. vse zaradi te posrane kupčije nepomembne, ničvredne\n \nSlovar slovenskega knjižnega jezika, www.fran.si, dostop 4. 12. 2016.",posráti
"poščívati -am nedov. (í) vulg. močiti s sečem \nSlovar slovenskega knjižnega jezika, www.fran.si, dostop 4. 12. 2016.",poščívati
"pováljati -am dov., tudi povaljájte; tudi povaljála (á) \n1. z valjanjem narediti\na) bolj ravno: zemljo je nasul in jo povaljal; pobranati in povaljati\nb) tanjše: testo je treba na robu še povaljati\n2. z valjanjem potlačiti: divji prašiči so povaljali oves / povaljati obleko z valjanjem pomečkati; povaljal si je plašč\n3. krajši čas valjati: povaljati glino v roki; povaljati grižljaj v ustih / povaljati otroka po travi; pes se je povaljal po tleh\n // nekajkrat obrniti v kakem živilu, da se to prime površine: zrezek povaljamo v moki, jajcu in drobtinah\n4. vulg. imeti spolni odnos: povaljal jo je; povaljala se je že z mnogimi moškimi\npováljan -a -o: ima povaljan klobuk; domov se je vrnil ves krvav in povaljan; povaljana trava\n \nSlovar slovenskega knjižnega jezika, www.fran.si, dostop 4. 12. 2016.",pováljati
"povozíti -vózim dov. (ī ọ́) \n1. zapeljati čez koga in ga poškodovati: povozil ga je avtomobil; na železniškem prehodu je otroka povozil vlak; skoraj bi ga bil povozil / do smrti povoziti / povoziti mačko, psa; brezoseb. pravijo, da ga je povozilo\n2. ekspr. premagati, prizadeti: kdor se ne bori, ga hitro povozijo; kljub nesrečam se ni dal povoziti\n● ekspr. njega je povozil čas ni se znašel v danih razmerah, okoliščinah, stvarnosti; ekspr. ti trije dnevi so ga povozili zelo izčrpali, utrudili; žarg., šport. naši nogometaši so nasprotnike povozili premagali; ekspr. življenje jo je povozilo ni bila kos življenjskim težavam, problemom; vulg. veliko žensk je povozil spolno občeval z njimi\npovóžen -a -o: na cesti je ležal povožen zajec; ko je članek prebral, je bil čisto povožen; povožena eksistenca\n \nSlovar slovenskega knjižnega jezika, www.fran.si, dostop 4. 12. 2016.",povozíti
"pŕdec -dca m (ȓ) \n1. vulg. glas, ki nastane pri izločitvi plinov iz črevesja: spuščati prdce\n2. nizko malovreden, nepomemben človek: ob njem se je sam sebi zazdel prdec\n // kar je malo vredno, nepomembno: za vsak prdec se razburja\n \nSlovar slovenskega knjižnega jezika, www.fran.si, dostop 4. 12. 2016.",pŕdec
"prdéti -ím nedov. (ẹ́ í) vulg. izločati pline iz črevesja: glasno prdeti\n // oddajati prdcu podobne glasove: avtomobil je na ves glas prdel pod oknom \nSlovar slovenskega knjižnega jezika, www.fran.si, dostop 4. 12. 2016.",prdéti
"pŕdniti -em dov. (ŕ ȓ) vulg. izločiti pline iz črevesja: glasno, tiho prdniti \nSlovar slovenskega knjižnega jezika, www.fran.si, dostop 4. 12. 2016.",pŕdniti
"prescáti -ščíjem tudi -ščím dov., preščíj preščíjte tudi preščì preščíte; prescál (á í, í) vulg. premočiti s sečem: prescati plenice\nprescán -a -o: prescana žimnica\n \nSlovar slovenskega knjižnega jezika, www.fran.si, dostop 4. 12. 2016.",prescáti
"prinêsti -nêsem dov., prinésel prinêsla (é) \n1. z nošenjem spraviti na določeno mesto: prinesti orodje; prinesel je stol iz sobe; prinesti na glavi, v košari; prinesti s težavo, naskrivaj / prinesti pismo; osebno prinesti vabilo / konji so prinesli težke tovore; ekspr. čoln ga je prinesel na nasprotni breg s čolnom se je pripeljal\n // prinesti jesti, piti; nazadnje so jim prinesli kavo postregli s kavo\n // otrokom je vedno kaj prinesel ob prihodu dal; prinesel ji je šopek rož / pog. prinesel je slabo oceno dobil je; pog. profesor je zahteval, naj učenec prinese podpis staršev naj starši podpišejo; vse potrebne stvari so prinesli s seboj so imeli; pog. knjigo moraš prinesti nazaj vrniti\n // z nošenjem spraviti kaj kam z določenim namenom: prinesti mlet; prinesel je aparat v popravilo; prinesti pridelke naprodaj\n2. z delovanjem povzročiti, da kaj kam pride zlasti po vodi, zraku: tok je prinesel na breg veje; veter je prinesel dim, oddaljeno šumenje slapa / sivi oblaki so prinesli sneg\n // pog., ekspr. povzročiti, da kdo zlasti nepričakovano pride: kaj te je prineslo tako zgodaj; prineslo ga je srečno naključje / mrak ga je prinesel v mraku je prišel; kateri hudič te je prinesel ob tej uri ni prav, da si prišel ob tej uri; brezoseb. ravno zdaj ga je moralo prinesti tod mimo\n3. nav. ekspr. priti h komu z namenom povedati mu kaj: prinesel mu je žalostno novico; prinesli so jim pozdrave (od) prijateljev\n // z objavo sporočiti: časopis je prinesel najvažnejše dnevne novice / revija je prinesla več člankov s tega področja v njej je objavljenih; publ. tisk ni o tem še nič prinesel poročal\n4. povzročiti, da se kaj pojavi tam, kjer prej ni bilo: rastlino so prinesli v Evropo v srednjem veku / to bolezen so prinesli priseljenci\n5. povzročiti, da kaj nastane, se pojavi: hitra industrializacija je prinesla veliko novih izdelkov; izboljšave niso prinesle bistvenega napredka / starost prinese tegobe\n // povzročiti, da je kdo deležen česa: življenje ji je prineslo veliko gorja, skrbi; prinesel jim je nesrečo, radost / pog. nastopanje mu je prineslo dosti denarja z nastopanjem je zaslužil, dobil\n● dedek Mraz mu je prinesel sanke dal; dobil jih je ob novem letu; nevesta je dosti prinesla k hiši imela je veliko doto; vulg. vse mu mora prinesti k riti zelo mu mora streči; ekspr. prinesti komu kaj na nos, na ušesa povedati, kar se ne bi smelo; ekspr. to značilnost je prinesel s seboj na svet se je z njo rodil; ekspr. boš že še prinesel v moj mlin še boš potreboval mojo pomoč; ekspr. prinesti vse na krožniku, pladnju omogočiti, da kdo brez truda kaj doseže; nižje pog. zamujeno noter prinesti nadomestiti; nižje pog. okrog te je prinesel ogoljufal, prevaral; preg. ena lastovka ne prinese pomladi iz enega primera se ne morejo delati splošni sklepi; preg. izgovor je dober, tudi če ga pes na repu prinese v sili se izkoristi kakršnokoli opravičilo\nprinesèn tudi prinešèn -êna -o: na mizo prinesene jedi; od drugod prinesene rastline\n \nSlovar slovenskega knjižnega jezika, www.fran.si, dostop 4. 12. 2016.",prinêsti
"rìt ríti ž (ȉ ȋ) \n1. vulg. zadnjica: imel je strgane hlače, da se mu je videla rit; voda mu je segala do riti; položiti si blazino pod rit; udariti po riti; vedno sta bila (skupaj) kot rit in srajca / po riti se je spustil po stopnicah\n2. vulg. neznačajen, bojazljiv človek: ta rit je vse izdal; kaj se dogovarjaš z njim, ki je čisto navadna rit / kot psovka: molči, ti rit; ti rit domišljava; prekleta rit\n3. nar. ritina: nakladati snope na voz z ritmi navzven\n● vulg. s tem potrdilom si lahko rit obrišeš je brez vrednosti, pomena; vulg. vzdigni že rit vstani; vulg. vse mu mora prinesti k riti zelo mu mora streči; vulg. na rit ga bo vrglo, ko bo to izvedel zelo bo presenečen; vulg. brcniti koga v rit odpustiti, odsloviti; vulg. pojdi (hudiču, vragu) v rit izraža veliko omalovaževanje; vulg. lesti komu v rit izkazovati komu pretirano vdanost, prijaznost z namenom pridobiti si naklonjenost; vulg. piši me v rit izraža veliko omalovaževanje, brezbrižnost; vulg. bati se za svojo rit zase, za svoj položaj; vulg. dobiti jih po riti biti tepen; vulg. za to bi ga bilo treba po riti natepsti, kaznovati; vulg. kar naprej so nam bili za ritjo so nas zasledovali; so nas nadzorovali; vulg. nima drugega kot golo rit je brez premoženja; vulg. namesto da bi povedali svoje mnenje, so pa tiho kot riti ga ne povejo; vulg. tvoja obleka je, kot bi jo kravi iz riti potegnil zelo zmečkana; vulg. sveta Neža kuram rit odveže v kmečkem okolju po 21. januarju začnejo kokoši bolj nesti\n \nSlovar slovenskega knjižnega jezika, www.fran.si, dostop 4. 12. 2016.",rìt
"rítast -a -o prid. (í) \n1. ki (rad) rita: bati se ritastega konja\n2. vulg. ki ima debelo, veliko zadnjico: ritaste in prsate ženske\n \nSlovar slovenskega knjižnega jezika, www.fran.si, dostop 4. 12. 2016.",rítast
"ríten -tna -o prid. (ȋ) vulg. zadnjičen: ritno mišičje \nSlovar slovenskega knjižnega jezika, www.fran.si, dostop 4. 12. 2016.",ríten
"rítnica -e ž (ȋ) nav. mn., vulg. polovica zadnjice: udaril jo je po ritnici; mesnate, močne ritnice \nSlovar slovenskega knjižnega jezika, www.fran.si, dostop 4. 12. 2016.",rítnica
"ritolízec -zca m (ȋ) vulg. kdor si ponižujoče prizadeva za naklonjenost, zlasti nadrejenih: izogibati se ritolizcev \nSlovar slovenskega knjižnega jezika, www.fran.si, dostop 4. 12. 2016.",ritolízec
"ritolíznik -a m (ȋ) vulg. kdor si ponižujoče prizadeva za naklonjenost, zlasti nadrejenih: ritolizniki so se mu klanjali in mu stiskali roko v pozdrav; bil je velik ritoliznik \nSlovar slovenskega knjižnega jezika, www.fran.si, dostop 4. 12. 2016.",ritolíznik
"scálnica -e [u̯n tudi ln] ž (ȃ) vulg. seč: smrdeti, zaudarjati po scalnici \nSlovar slovenskega knjižnega jezika, www.fran.si, dostop 4. 12. 2016.",scálnica
"scáti ščíjem tudi ščím nedov., ščíj ščíjte tudi ščì ščíte; scál (á í, í) vulg. izpraznjevati sečni mehur: živina je nekaj bolna in kar naprej ščije / scati v posteljo nehotno, bolezensko izpraznjevati mehur v spanju\n // krvavo scati\n // opravljati malo potrebo: scal je kar na rože; zjutraj gre najprej scat\n● vulg. pri tem boš tako garal, da boš kri scal zelo; vulg. ni mogoče scati proti vetru ni mogoče delati, ravnati drugače kot večina, vodilni ljudje \nSlovar slovenskega knjižnega jezika, www.fran.si, dostop 4. 12. 2016.",scáti
"sêdlo -a s (é) \n1. priprava za sedenje, prenašanje, ki se namesti živali na hrbet: nadeti, pritrditi sedlo; sneti sedlo s konja, z osla; vzpeti se v sedlo; veliko, visoko sedlo / jahalno, tovorno sedlo / konj ga je vrgel iz sedla\n2. širši zložnejši prehod čez gorsko sleme iz ene doline v drugo: pot pelje čez sedlo; na sedlu stoji dobro oskrbovana koča; ustavili so se na sedlu / gorsko sedlo / Kamniško sedlo\n● ekspr. vrgli so ga iz sedla spravili so ga z določenega mesta, (družbenega) položaja; ekspr. trdno je sedel v sedlu obvladoval je položaj; vulg. poda se mu kot kravi sedlo nič se mu ne poda\n♦ agr. cepljenje v sedlo cepljenje, pri katerem se stopničasto prirezan cepič spoji z ustrezno prirezano podlago; anat. turško sedlo jamica v lobanjskem dnu, v kateri je hipofiza; metal. sedlo razširjeni del plavža med jaškom in talilnikom; muz. sedlo prečka na zgornjem delu vratu godal in nekaterih brenkal, preko katere so napete strune od vijakov do kobilice\n \nSlovar slovenskega knjižnega jezika, www.fran.si, dostop 4. 12. 2016.",sêdlo
"sekrét -a m (ẹ̑) \n1. biol. organizmu potrebna snov, ki jo izločajo žleze na notranjo ali zunanjo površino telesa: izločati sekrete; sekreti in ekskreti\n2. vulg. stranišče: zanemarjen sekret\n \nSlovar slovenskega knjižnega jezika, www.fran.si, dostop 4. 12. 2016.",sekrét
"skurbáti se -ám se dov. (á ȃ) vulg. postati vlačuga, vlačugar: dekle se je skurbalo\n● vulg. skurbal se je s to ničvredno žensko imel je ljubezenske, spolne odnose \nSlovar slovenskega knjižnega jezika, www.fran.si, dostop 4. 12. 2016.",skurbáti se
"spáriti -im in sparíti -ím dov., spáril (á ȃ; ī í) \n1. spolno združiti živali, navadno za pleme: spariti kobilo z dobrim žrebcem\n2. narediti, da kaj sestavlja par: spariti (dva) vola za vprego / čevlje je sparil in pospravil\n3. nar. prevarati, ukaniti: hotel jih je spariti; lepo, pošteno ga je sparil\nspáriti se, in sparíti se \n1. pri živalih spolno se združiti: samec in samica se sparita; psica se ni sparila\n♦ čeb. matica se spari\n2. vulg. imeti spolne odnose: z vsako žensko bi se sparil\nspárjen -a -o in sparjèn -êna -o: mlada konja sta dobro sparjena; plesalci so bili hitro sparjeni; sparjena žival\n \nSlovar slovenskega knjižnega jezika, www.fran.si, dostop 4. 12. 2016.",spáriti
"spezdéti se -ím se [pəz] dov., spezdì se in spèzdi se (ẹ́ ī) vulg. izločiti pline iz črevesja: nekdo se je spezdel \nSlovar slovenskega knjižnega jezika, www.fran.si, dostop 4. 12. 2016.",spezdéti se
"spízditi -im dov. (ī ȋ) vulg. \n1. vzeti, ukrasti: Pravkar mi je nekdo spizdil uro \n2. izginiti, oditi: Spizdi od tu, preden pokličem policijo E ↑pízditi \nSlovar novejšega besedja slovenskega jezika, www.fran.si, dostop 4. 12. 2016.",spízditi
"spŕdniti se -em se dov. (ŕ ȓ) vulg. izločiti pline iz črevesja: glasno se sprdniti\n● vulg. sprdnem se na vse to izraža veliko omalovaževanje \nSlovar slovenskega knjižnega jezika, www.fran.si, dostop 4. 12. 2016.",spŕdniti se
"srájca -e ž (á) moško oblačilo za k hlačam, navadno iz tanjšega blaga: likati, prati, šivati srajce; vsak dan obleče čisto srajco; zatlačil si je srajco za hlače; bombažasta, platnena srajca; športna srajca; srajca z dolgimi, s kratkimi rokavi; vulg. vedno sta bila (skupaj) kot rit in srajca / ruska srajca široka srajca z ozkim stoječim ovratnikom\n // temu podoben del moškega ali ženskega spodnjega perila: v sami srajci je hodila po sobi / spalna srajca\n● slabš. črne srajce italijanski fašisti; šalj. on je ljubljanska srajca po rodu Ljubljančan; slabš. rjave srajce nacionalsocialisti; preg. stara navada železna srajca navade človek zelo težko spreminja\n♦ obl. safari srajca športna srajca z našitimi žepi in dvojnimi šivi; zgod. verižna srajca srajci podobno vojaško oblačilo iz železnih krožcev ali žice \nSlovar slovenskega knjižnega jezika, www.fran.si, dostop 4. 12. 2016.",srájca
"sránje -a s (ā) \n1. glagolnik od srati: prostor za sranje in scanje\n2. vulg. blato, govno, iztrebki: krvavo sranje; smrad po sranju\n3. nizko kar je malo vredno, nepomembno: rada kupuje kičaste spominke in podobno sranje; kakšno sranje pa si spet naslikal / v povedni rabi: ta film je pravo sranje; vse skupaj je veliko sranje\n4. vulg., v medmetni rabi izraža jezo, nejevoljo: sranje, pa tako vreme; sranje, da še ponoči ni miru\n \nSlovar slovenskega knjižnega jezika, www.fran.si, dostop 4. 12. 2016.",sránje
"sráti sérjem nedov., sêrji serjíte (á ẹ́) vulg. \n1. iztrebljati se: golobi serjejo; šel je srat za grm\n2. v zvezi z ga počenjati neumnosti, lahkomiselnosti: celo noč smo ga srali; čas je že, da ga nehaš srati\n // delati napake: v podjetju ga nekaj serjejo; v nalogi si ga precej sral\n3. v medmetni rabi izraža začudenje, zavrnitev: nikoli več te ne pogledam. Ne serji ga; spet ni naredil šoferskega izpita. Ne ga srati\n● vulg. klamfe srati govoriti neumnosti; vulg. ne bom dovolil, da mi bodo srali na glavo da bi samovoljno, brezobzirno ravnali z menoj\n \nSlovar slovenskega knjižnega jezika, www.fran.si, dostop 4. 12. 2016.",sráti
"strahopezdljív -a -o [pəz] prid. (ī í) vulg. strahopeten, bojazljiv: strahopezdljiv čuvaj; biti strahopezdljiv \nSlovar slovenskega knjižnega jezika, www.fran.si, dostop 4. 12. 2016.",strahopezdljív
"strahopezdljívec -vca [pəz] m (ȋ) vulg. strahopeten, bojazljiv človek: bil je ničvreden strahopezdljivec \nSlovar slovenskega knjižnega jezika, www.fran.si, dostop 4. 12. 2016.",strahopezdljívec
"strahopezdljívost -i [pəz] ž (í) vulg. strahopetnost, bojazljivost: obdolžiti koga strahopezdljivosti; strahopezdljivost pogajalcev \nSlovar slovenskega knjižnega jezika, www.fran.si, dostop 4. 12. 2016.",strahopezdljívost
"svínja -e ž (í) \n1. samica prašiča: svinja je povrgla sedem prašičkov; zaklati svinjo; kruljenje svinje; pijan kot svinja zelo\n // doječa, plemenska svinja\n // nav. mn. prašič: dati jesti svinjam; hlev za svinje\n2. nizko umazan človek: kakšna svinja si, umij se\n3. nizko ničvreden, malovreden človek: ta človek je čisto navadna, prava svinja / kot psovka svinja pijana\n● bibl. metati bisere svinjam dajati, dati komu duhovno ali materialno dobrino, ki je ne zna ceniti; s knjigo dela kot svinja z mehom grdo, malomarno; vulg. poda se mu kot svinji sedlo nič se mu ne poda\n♦ agr. pitovna svinja; etn. svinjo zbijati otroška igra, pri kateri igralci mečejo v stoječ predmet kamne, da bi ga prevrnili; metal. svinja sprimek kovine in žlindre na steni metalurške peči; vet. prasna svinja ki doji; zool. svinje parkljarji s ščetinasto kožo in gobcem, podaljšanim v rilec, Suidae; divja svinja divji prašič\n \nSlovar slovenskega knjižnega jezika, www.fran.si, dostop 4. 12. 2016.",svínja
"širokoríten -tna -o prid. (ȋ) vulg. ki ima široko zadnjico: širokoritna ženska \nSlovar slovenskega knjižnega jezika, www.fran.si, dostop 4. 12. 2016.",širokoríten
"širokorítnež -a m (ȋ) vulg. kdor ima široko zadnjico \nSlovar slovenskega knjižnega jezika, www.fran.si, dostop 4. 12. 2016.",širokorítnež
"tíh -a -o prid., tíšji (ȋ í) \n1. ki je malo slišen ali neslišen: tih glas, pok; tih pozdrav, smeh, šepet; tiha glasba / tih tek stroja; tiha hoja; streljanje je postajalo vse tišje / ekspr. v temi se plazijo tihi koraki\n2. ki s svojim delovanjem povzroča malo hrupa, ropota: tih motor, stroj / tih potok, veter\n3. ki s svojim vedenjem, ravnanjem ne povzroča hrupa: družba je postala tiha; otroci so tihi kot miške / konja sta tiha in mirna\n // ki se zadržano vede, malo govori: njegov oče je tih mož; tiha in ponižna ženska / sprva je bil tih, potem se je razgovoril\n4. ki je brez hrupa, ropota: tih prostor, vrt; tiha soba; mesto je postalo tiho / tih večer; tiha noč\n5. nav. ekspr. ki se ne izraža z govorjenjem: tih obup; tiha ljubezen; molk ni vedno tiho odobravanje; tiho privoljenje / v osmrtnicah prosimo tihega sožalja\n6. pri katerem se ne govori: tihe demonstracije / tiho branje\n7. ekspr. ki se dogaja, ne da bi se o tem veliko govorilo, pisalo: tiha reforma, revolucija; tihe spremembe\n8. ekspr. ki se dogaja okolici prikrito, neopazno: vdaja se tihemu pijančevanju / mamila vodijo mlade v tihi samomor\n9. ekspr. ki je brez vznemirljivih, razburljivih dogodkov; miren: tih dan; tiho življenje / tih spanec / star. odpluli so v tihem vremenu brezvetrnem\n10. ekspr. ki se ne pojavlja v izraziti obliki, z veliko intenzivnostjo: tih sijaj; zrak je poln tihih vonjev / tiha eleganca obleke umirjena\n● ekspr. zakonca imata tihi teden ne govorita, sta sprta; ekspr. ta človek je tiha voda ne kaže negativnih lastnosti; poroka je bila tiha brez svatovanja; ekspr. tiho pravilo ki se uveljavlja z navado; preg. tiha voda bregove dere na zunaj tih, miren človek je zmožen storiti kaj nepričakovanega\n♦ ekon. tihi družabnik kdor vloži kapital v drugo, ne svoje podjetje zaradi udeležbe pri dobičku in izgubi; rel. tiha maša maša brez petja; tiha nedelja predzadnja nedelja pred veliko nočjo; šol. tiha vaja navadno krajša pismena naloga v šoli, s katero se utrjuje, preverja določeno znanje; tiha zaposlitev ali tiho delo samostojno delo učencev pri pouku, pri katerem vsak tiho opravlja svojo nalogo\ntího prisl.: tiho brati; tiho so šli proti domu; tiho jokati; tiho odpreti vrata; tiho se strinjati s kom; tiho upa, da se bo vse srečno končalo / v povedni rabi: vse je bilo tiho; ves čas so tiho; tiho je kakor v grobu; biti tiho kot miš; kot grožnja ali boš tiho; elipt.: ti pa kar tiho; tiho, nekdo prihaja\n● ekspr. nikomur ni tiho odgovori na vsako nasprotovanje, vsak izziv; vulg. namesto da bi povedali svoje mnenje, so pa tiho kot riti ga ne povejo\n♦ muz. tiho označba za jakost izvajanja piano; zelo tiho označba za jakost izvajanja pianissimo; čedalje tišje označba za jakost izvajanja decrescendo\ntíhi -a -o sam.: na tiho stopati natiho; ekspr. na tihem pisati pesmi natihem; po tihem jokati potihem\n \nSlovar slovenskega knjižnega jezika, www.fran.si, dostop 4. 12. 2016.",tíh
"uscanè -éta s (ȅ ẹ́) vulg. bojazljiv, strahopeten človek: kaj bo naredilo to uscane \nSlovar slovenskega knjižnega jezika, www.fran.si, dostop 4. 12. 2016.",uscanè
"uscanè -éta m (ȅ ẹ́) vulg. bojazljiv, strahopeten človek: s takimi uscaneti nočem imeti opravka \nSlovar slovenskega knjižnega jezika, www.fran.si, dostop 4. 12. 2016.",uscanè
"uscánec -nca m (á) vulg. deček, ki še ne more zavestno uravnavati odvajanja seča: previla je malega uscanca \nSlovar slovenskega knjižnega jezika, www.fran.si, dostop 4. 12. 2016.",uscánec
"uscánka -e ž (á) vulg. deklica, ki še ne more zavestno uravnavati odvajanja seča: previjati uscanko\n // deklica sploh: pričakovali so fanta, rodila pa se je uscanka \nSlovar slovenskega knjižnega jezika, www.fran.si, dostop 4. 12. 2016.",uscánka
"uscáti se uščíjem se tudi uščím se dov., uščíj se uščíjte se tudi uščì se uščíte se; uscál se (á í, í) vulg. izprazniti sečni mehur: od strahu se je uscal\n // opraviti malo potrebo: uščije se, kjer je\n● nižje pog. vsak hip se bo uscalo začelo (močno) deževati \nSlovar slovenskega knjižnega jezika, www.fran.si, dostop 4. 12. 2016.",uscáti se
"usranè -éta m (ȅ ẹ́) vulg. bojazljiv, strahopeten človek: ta usrane ne bo nič dosegel / kot psovka še tega si ne upaš, usrane\n // nepomemben, ničvreden človek: hvalisav usrane \nSlovar slovenskega knjižnega jezika, www.fran.si, dostop 4. 12. 2016.",usranè
"usranè -éta s (ȅ ẹ́) vulg. bojazljiv, strahopeten človek: to usrane si še spregovoriti ni upalo; on je navadno usrane\n // nepomemben, ničvreden človek: tako usrane, pa se repenči \nSlovar slovenskega knjižnega jezika, www.fran.si, dostop 4. 12. 2016.",usranè
"usránec -nca m (á) vulg. kdor je umazan z blatom, iztrebki: previti malega usranca\n // bojazljiv, strahopeten človek: ti usranci ne bodo nič opravili\n // nepomemben, ničvreden človek: ta usranec se nas upa še žaliti \nSlovar slovenskega knjižnega jezika, www.fran.si, dostop 4. 12. 2016.",usránec
"usránka -e ž (á) vulg. deklica, umazana z blatom, iztrebki: previti mora še malo usranko\n // deklica sploh: spet se jim je rodila usranka \nSlovar slovenskega knjižnega jezika, www.fran.si, dostop 4. 12. 2016.",usránka
"usráti se usérjem se dov., usêrji se userjíte se (á ẹ́) vulg. iztrebiti se: otrok se je usral; usrati se v hlače; usrati se od strahu\n● vulg. userjem se na njegove nasvete ne cenim jih, ne upoštevam jih; vulg. usrati se pred kom zbati se, izgubiti pogum in zato popustiti, odnehati\nusrán -a -o \n1. deležnik od usrati se: otrok je bil po nogah ves usran; usrane hlače\n2. umazan, nečist: kaj si delala, da imaš tako usrano obleko; ne jej z usranimi rokami / ne hodi po sobi z usranimi čevlji blatnimi; do kolen usran / to je usrano delo\n3. nepomemben, ničvreden: to je naredil za nekaj usranih fickov; zaradi te usrane kupčije se pa res ne bomo prepirali / kot psovka molči, reva usrana\n● vulg. pa prideš v takle usran hotel neugleden, slab; vulg. tebe bodo hvalili, jaz bom pa usrana brez ugleda, osramočena; vulg. danes je pa res usrano vreme deževno, oblačno\n \nSlovar slovenskega knjižnega jezika, www.fran.si, dostop 4. 12. 2016.",usráti se
"váljati -am nedov., tudi valjájte; tudi valjála (á) \n1. s premikanjem valja, valjarja po podlagi delati kaj\na) tanko, tanjše: valjati testo / valjati jeklo, pločevino / valjati v plošče, trakove\nb) bolj ravno: valjati zemljo; branati in valjati\nc) bolj trdno, sprijeto: težki valjarji valjajo cestišče / valjati blago, sukno\n2. premikati kaj po podlagi, navadno sem in tja, tako, da se vrti okoli svoje vzdolžne osi: valjal ga je po travi, da je bil ves zelen; valjati svinčnik po mizi, v roki / valjati grižljaj po ustih, v ustih / ekspr. otrok ves dan valja igrače po rokah se igra z njimi\n3. s takim premikanjem oblikovati kako snov, predmet v kaj valjastega: valjati glino v roki / valjati svaljke iz testa\n4. obračati v kakem živilu, da se to prime površine: valjati zrezke v moki, jajcu in drobtinah\n5. vulg. imeti spolni odnos, spolne odnose: mnogi so jo že valjali\nváljati se \n1. premikati se po podlagi, navadno sem in tja, tako, da se vrti okoli svoje vzdolžne osi: okoli ognjišča se valjajo mačice; valjati se po blatu, v prahu / po ovsu so se valjali divji prašiči / samo valja se po postelji, spati pa ne more; valjati se od bolečin, smeha\n2. ekspr., s prislovnim določilom biti, nahajati se kje nepospravljen, neurejen: časopisi se valjajo po policah; obleka se valja po stolih / po vseh kotih se valjajo kovanci\n3. slabš. biti, zadrževati se kje brez dela: naj pridejo delat k nam, namesto da se valjajo po pisarnah; cele popoldneve se valja po plaži / vse življenje se valja po mehkih blazinah\n● ekspr. valjati se v grehu nemoralno živeti; preg. lastna hvala se pod mizo valja hvaljenje samega sebe ni dosti vredno\n♦ navt. ladja se valja se premika navzgor in navzdol okrog prečne in vzdolžne osi hkrati; se opoteka\nváljan -a -o: valjana jeklena pločevina; valjana polst\n♦ teh. valjani profili\n \nSlovar slovenskega knjižnega jezika, www.fran.si, dostop 4. 12. 2016.",váljati
"viséti -ím nedov., vísel (ẹ́ í) \n1. biti oprt, pritrjen na kaj ob zgornjem delu ali nad seboj brez opore na tleh, spodaj: svetilka, zavesa visi; klobuk visi na klinu; slika visi na steni; na veji visi roj; držeč se vrvi, viseti nad prepadom; pod stropom visi lestenec / ključi visijo na obročku; na verižici visijo obeski / po listih in vejicah visijo dežne kaplje / čez ramo mu visi puška; okrog vratu ji visi ogrlica\n♦ šport. viseti na bradlji, drogu\n // nav. ekspr. biti kje, držeč se z rokami brez zadostne opore na tleh: otroci visijo na ograji in opazujejo; ljudje so viseli na stopnicah prenapolnjenega vlaka; ranjenec je skoraj visel na tovariševi rami\n // biti v položaju, ko ima okrog vratu z lastno težo zadrgnjeno zanko vrvi: prišli so prepozno, obupanec je že visel / ekspr. ta človek bo še visel bo kaznovan z obešenjem\n2. segati, razprostirati se v smeri navzdol od izhodišča: brki mu visijo; psu visi jezik iz gobca; od streh visijo ledene sveče; z oken visijo rože; roke mu negibno visijo ob telesu / viseti do pasu skozi okno sklanjati se\n // ekspr. z neba visijo oblaki\n // segati kam čez rob podlage, opore: skale visijo nad globel\n3. biti nagnjen: drevo, steber nekoliko visi; viseti v levo / ladja malo visi; miza zaradi neravnih tal visi / dolina visi proti vzhodu pada, se niža; travnik precej visi; položno, strmo viseti / ekspr. po strmih pobočjih visijo njive strmo ležijo\n4. navadno s prislovnim določilom biti, mirovati prosto, nepritrjen v prostoru nad tlemi; lebdeti: sipa v vodi lahko visi; telo visi v plinu, če sta teži enaki / v zraku visi postovka / ekspr. na nebu visijo težki deževni oblaki\n5. ekspr., s prislovnim določilom biti opazen, viden: v očeh ji visijo solze / na licih, ustnicah mu visi nasmeh; na obrazih vseh je visel nemir\n // biti, obstajati kje: nad pokrajino visi mir, noč / v zraku še visijo kriki žrtev / med njimi visi molk\n6. ekspr., s prislovnim določilom biti, zadrževati se kje: vsak dan visi pri prijatelju, v gostilni; kaj bi visel samo doma, pojdi z menoj\n // delati, kar izraža določilo: cele dneve visi na računalniku; ure in ure visi na telefonu telefonira\n // v zvezi z na skrbno obdelovati kaj: visi na vsaki besedi, vsakem stavku; pisatelj preveč visi na sami zgodbi\n7. ekspr., v zvezi z med biti glede na svoje lastnosti vmes med čim: televizija visi med gledališčem in filmom; njihova družina je visela med kmeti in bajtarji\n // biti v stanju, ko se lahko uresniči slabša od dveh možnosti: svet visi med vojno in mirom; ranjenec visi med življenjem in smrtjo / visel je med ljubeznijo in sovraštvom\n8. ekspr., v zvezi z nad biti v stanju, ko lahko kaj koga prizadene: nad človeštvom visi atomska vojna / nad njim visi poguba\n9. preh., ekspr., v zvezi z na biti čustveno zelo navezan na koga, kaj: visi bolj na stricu kakor na očetu; kmet z vsem srcem visi na svoji zemlji; zelo visi na otrocih\n10. ekspr. biti negotov: vreme visi / odločitev, pojasnilo še visi\n● žarg., šah. figura visi je v ogroženem položaju; pog., ekspr. tekal je po opravkih, da mu je jezik visel iz ust da se je zelo upehal; tekal je zelo hitro; ekspr. oči vseh so visele na njem nepremično, pozorno so ga gledali; ekspr. obleka kar visi na njem je zelo suh; viseti na lasu, na niti, na nitki ekspr. njegovo življenje visi na lasu, na niti, na nitki je zelo ogroženo; je zelo bolan; njegova služba visi na nitki je zelo negotova; ekspr. poslušalci so kar viseli na njegovi pripovedi zelo pozorno so ga poslušali; ekspr. vsa družina visi na njenih ramah za vso družino mora skrbeti ona; viseti na vratu ekspr. gostje so jim ves teden viseli na vratu bili v breme, nadlego; ekspr. policija mu visi na vratu ga zasleduje, nadzoruje; nar. viseti pri gostilničarju imeti dolg pri njem; viseti v zraku ekspr. trditve visijo v praznem, v zraku so neprepričljive, neutemeljene; ekspr. aretacije visijo v zraku se pričakujejo; ekspr. pomlad visi v zraku opazni so znaki pomladi; ekspr. potovanje visi v zraku še ni gotovo; nad glavo mu visi Damoklejev meč je v nenehno preteči nevarnosti; vulg. vsi mi že dol visijo vsi mi že presedajo; vulg. njihova zahteva mi dol visi mi ni prav nič mar\nvisé knjiž.: vise na veji se gugati viseč\nvisèč -éča -e: telovaditi, viseč na drogu; nizko viseči oblaki; viseči uhlji; na steni viseča podoba; viseča tla / viseči kapnik kapnik, ki nastane na stropu kraške podzemeljske jame; redko viseča ključavnica obešanka; viseča omarica omarica, ki se pritrdi na steno; viseča svetilka svetilka, ki se obeša s podaljškom na strop; viseča tehtnica tehtnica za tehtanje v visečem položaju\n● viseči vrtovi nekdaj terasasti vrtovi v kraljevem gradu v Babilonu\n♦ gled. viseča lutka lutka, ki se premika z nitmi; marioneta; grad. viseči most most, ki visi na jeklenih kablih, vrveh; viseči strop pod stropom nameščena lahka obloga za prikritje inštalacijske napeljave ali za znižanje prostora; viseči pilot pilot, ki se samo zaradi trenja opira v mehka tla; les. viseča krožna žaga nihalna krožna žaga; mont. viseči oder železna konstrukcija, ki se pri obzidavi spušča v jašek po škripcu; rib. viseča mreža stoječa mreža, ki ne leži na dnu; vrtn. viseča pelargonija bršljanu podobna lončna rastlina z živobarvnimi cveti; bršljanka\n \nSlovar slovenskega knjižnega jezika, www.fran.si, dostop 4. 12. 2016.",viséti
"vrìtmepíši tudi vrìtmepíš medm. (ȉ-í) vulg. izraža veliko omalovaževanje, brezbrižnost: vritmepiši, delajte kar hočete; sam.: vsaj vritmepiši bi lahko rekel, ko je šel mimo moral bi reči kaj, pozdraviti; ves dan hodi okoli za vritmepiši zastonj \nSlovar slovenskega knjižnega jezika, www.fran.si, dostop 4. 12. 2016.",vrìtmepíši
"vzdígniti -em dov. (í ȋ) \n1. premakniti z nižjega mesta, položaja na višjega: vzdigniti breme; vzdignil jo je do stropa; vzdigniti otroka na rame, v naročje; vzdigniti z žerjavom; počasi, težko, visoko vzdigniti / vzdigne dvesto kilogramov sposoben je vzdigniti\n // vzdignili so sidro in odpluli / boječe vzdigniti glavo; voznik je vzdignil roko v pozdrav; učenec je večkrat vzdignil roko s takim dejanjem izrazil željo, da bi govoril, bil vprašan\n // veter ji je vzdignil krilo / voda je vzdignila pod povzročila, da je na nekaterih mestih izbočen; vzdigniti telefonsko slušalko odgovoriti na telefonski klic; vzdigniti vrata s tečajev sneti\n // vzdigniti kvišku, pog. gor\n2. napraviti kaj višje: vzdigniti nasip; z blazinicami vzdigniti rame pri plašču / pog. vzdigniti hišo za eno nadstropje nadzidati\n3. napraviti, da kaj pride iz ležečega ali sedečega položaja; dvigniti: vzdigni bolnika, da mu posteljem posteljo; vzdigniti se na komolce / vzdigniti podrt električni drog; žito se po neurju ni več vzdignilo / pog. proti jutru so ga vzdignili (iz postelje) zbudili, poklicali; vulg. vzdigni že rit vstani\n4. spraviti z nižje stopnje na višjo glede na količino, intenzivnost; dvigniti: vzdigniti cene / vzdigniti prodajo cigaret povečati\n // ni se jezil, samo glas je vzdignil začel glasneje govoriti\n // spraviti na višjo stopnjo glede na kakovost, pozitivne lastnosti: vzdigniti življenjsko raven / moralno vzdigniti ljudi\n // dati čemu višjo stopnjo glede na pomembnost: vzdigniti jezik pokrajine v uradovalni in učni jezik države\n5. redko sprejeti pripadajoče, naročeno, shranjeno po (uradno) določenih predpisih; dvigniti: pravočasno vzdigniti pismo na pošti; vzdigniti plašč v garderobi\n6. napraviti, da se kdo upre; dvigniti: vzdigniti izkoriščane množice / vzdigniti deželo k uporu\n7. ekspr. povzročiti, narediti: vzdigniti velik hrup, preplah / vzdigniti upor\n● pog. pripomba ga je vzdignila razburila, vznejevoljila; ekspr. spet so vzdignili glave postali uporni, predrzni; šalj. še o pravem času je vzdignil jadra odšel; ekspr. nič ni rekla, samo nos je vzdignila z izrazom je pokazala, da je nezadovoljna, užaljena; ekspr. vzdigniti oči, pogled h komu pogledati ga; star. vzdigniti pesem začeti peti; ekspr. zadeva je vzdignila veliko prahu povzročila razburjenje, govorice; ekspr. ob vsaki priložnosti vzdigne prst žuga, svari; ekspr. vzdigniti roko nad koga, proti komu udariti, (pre)tepsti ga; star. vzdigniti tožbo proti komu tožiti ga; star. vzdigniti vojsko drug proti drugemu začeti se vojskovati\nvzdígniti se \n1. premakniti se navzgor, kvišku: letalo se je vzdignilo v zrak; iz dimnika se vzdigne dim; za avtomobilom se je vzdignil oblak prahu; megla se hitro vzdigne / takrat se nad obzorje vzdigne sonce vzide\n // proti vrhu se pot bolj vzdigne vzpne\n // pog. vstati: vzdigniti se od mize, s postelje\n2. knjiž. nastati, pojaviti se: v njem se je vzdignila jeza; v srcu se mu vzdigne dvom, sum / proti večeru se je vzdignil veter začel pihati\n3. s smiselnim osebkom v dajalniku začutiti slabost, pri kateri se vsebina želodca pomika navzgor: že pri prvem grižljaju se mu je vzdignilo / v želodcu se mu je vzdignilo ob takem neredu\n● pog. potica se je lepo vzdignila vzhajala; ekspr. v gledališču se je spet vzdignila zavesa so (se začele) predstave; star. žerjavi se vzdignejo čez morje odletijo; star. ob polnoči so se vzdignili na pot odšli, odpotovali; vzdigniti se nad druge doseči pomembnejši položaj od drugih; pog. v teh dneh se je živo srebro močno vzdignilo je temperatura zelo narasla\nvzdignívši zastar.: pozdravil jo je, vzdignivši roko\nvzdígnjen -a -o: vzdignjena glava; cesta je vzdignjena za en meter\n \nSlovar slovenskega knjižnega jezika, www.fran.si, dostop 4. 12. 2016.",vzdígniti
"zádnjica -e ž (ȃ) \n1. spodnji zadnji del človeškega trupa med bokoma: postaviti se tako, da se pete, zadnjica in ramena dotikajo stene; potegniti pulover čez zadnjico; sesti na celo zadnjico; suniti koga v zadnjico; udariti koga po zadnjici / spustiti se vzdolž drče po zadnjici; z zadnjico odriniti stol\n2. zadnji zgornji del živalskega trupa nad zadnjimi nogami: bič je oplazil konja po zadnjici\n3. ekspr. zadnji del česa: iz zadnjice avtomobila se je pokadilo\n● šalj. izprašiti komu zadnjico natepsti ga; vulg. s tem spričevalom si lahko zadnjico obrišeš to spričevalo je brez vrednosti, pomena; ekspr. lesti komu v zadnjico izkazovati komu pretirano vdanost, prijaznost z namenom pridobiti si naklonjenost; ekspr. dati, naložiti jih komu po zadnjici natepsti ga; ekspr. dobiti jih po zadnjici biti tepen; ekspr. tresti se za svojo zadnjico bati se zase, za svoj položaj\n \nSlovar slovenskega knjižnega jezika, www.fran.si, dostop 4. 12. 2016.",zádnjica
"zadrekáti -ám dov. (á ȃ) vulg. z iztrebki narediti nečisto: kokoši so zadrekale dvorišče / v hlevu si je zadrekal hlače zamazal z blatom, iztrebki\n // zamazati sploh: avtomobil ga je oškropil in zadrekal\nzadrekán -a -o: z ilovico zadrekana kočija\n \nSlovar slovenskega knjižnega jezika, www.fran.si, dostop 4. 12. 2016.",zadrekáti
"zajebáncija -e ž (á) vulg. \n1. draženje, norčevanje; zafrkancijaSSKJ: ne dovoliti si zajebancije na svoj račun; Ne bi bilo prvič, da bi požrl zajebancijo tistega zoprnega tipa \n2. neresno, šaljivo dejanje ali ravnanje: konec zajebancije; Če drugi nočejo, bova midva naredila kakšno zajebancijo za ljudi, če ne drugega, bova plesala na kamionu E ← hrv., srb. zajebàncija iz (↑)zajébati \nSlovar novejšega besedja slovenskega jezika, www.fran.si, dostop 4. 12. 2016.",zajebáncija
"zajêbanec -nca m, člov. (ȇ) vulg. \nkdor povzroča komu kaj nezaželenega, slabega: V življenju sem se le enkrat stepel, a v filmih vedno igram vloge nekih zajebancev E (↑)zajébati \nSlovar novejšega besedja slovenskega jezika, www.fran.si, dostop 4. 12. 2016.",zajêbanec
"zajébati -am in zajêbati -am dov. (ẹ̑; ȇ) vulg. narediti, povzročiti komu kaj nezaželenega, slabega: ta človek me je že večkrat zajebal\n // poslabšati, otežiti kaj s čim nepravim, neustreznim: s svojo odsotnostjo je položaj še bolj zajebal\nzajébati se, in zajêbati se prevarati se, zmotiti se: zajebal si se, nikogar ni več tu\nzajéban in zajêban -a -o \n1. deležnik od zajebati: biti v zajebanem položaju; čutil se je zajebanega\n2. ki izraža negativen odnos do osebe, stvari: kdo bo gledal ta zajebani film / kot psovka mulec zajebani\n \nSlovar slovenskega knjižnega jezika, www.fran.si, dostop 4. 12. 2016.",zajébati
"zajebávati -am nedov. (ȃ) vulg. \n1. dražiti koga, norčevati se iz koga: vsi ga zajebavajo zaradi tistega dogodka\n2. delati, povzročati komu kaj nezaželenega, slabega: ne bom se mu pustil zajebavati / avto me spet zajebava\nzajebávati se \n1. šaliti se, norčevati se: ne zajebavaj se, povej po resnici\n2. truditi se, mučiti se: dolgo sem se zajebaval, preden sem odkril napako\n \nSlovar slovenskega knjižnega jezika, www.fran.si, dostop 4. 12. 2016.",zajebávati
"zakurbáti -ám dov. (á ȃ) vulg. zavlačugati: zakurbati celo premoženje / zaradi nje se je zakurbal \nSlovar slovenskega knjižnega jezika, www.fran.si, dostop 4. 12. 2016.",zakurbáti
"zaskočíti -skóčim dov. (ī ọ̑) \n1. skočiti, dvigniti se na koga v položaj, ki omogoča paritev: žrebec zaskoči kobilo / vulg. zaskočiti žensko\n2. star. nepričakovano komu zastaviti pot, napasti koga: v gozdu ga zaskočijo razbojniki; zaskočiti sovražno vojsko / zaskočiti koga izza plota\n3. star. nepričakovano skočiti na koga, napasti koga: zver zaskoči svoj plen\n4. star. prevzeti, obiti: zaskoči ga obup, trudnost\n5. zastar. presenetiti: zaskočiti koga z izjavo, novico / na poti jih je zaskočila noč\nzaskočíti se \n1. pri premiku se nepravilno zatakniti za kak drug del in v tem položaju ostati: ključavnica, sprožilec se zaskoči / naboj v puški se zaskoči / vrata avtomobila so se zaskočila / redko vaba je pojedena, vendar se past ni zaskočila se ni sprožila\n2. ekspr. pri skakanju zaiti v nevaren, brezizhoden položaj: pastir je rešil kozo, ki se je zaskočila\nzaskóčen -a -o: zaskočena kobila; stikalo je zaskočeno\n \nSlovar slovenskega knjižnega jezika, www.fran.si, dostop 4. 12. 2016.",zaskočíti
"zasráti -sérjem dov., zasêrji zaserjíte (á ẹ́) vulg. \n1. z iztrebljanjem umazati: muhe so zasrale ves zid\n // umazati, onesnažiti sploh: vse potoke so zasrali s kemikalijami / z umazanimi škornji je zasral stanovanje\n2. v zvezi z ga, jo narediti neumnost, lahkomiselnost: upam, da ga nisi kaj zasral; boste videli, da ga bodo zasrali\n● vulg. v pijanosti je zasral ključe zapravil, izgubil; vulg. to zadevo so čisto zasrali z napačnim ravnanjem, govorjenjem pokvarili\nzasráti se zaradi napačnega ravnanja, govorjenja izgubiti ugled: tako se je zasral, da ga nihče več ne jemlje resno / vsem, pri vseh so se zasrali\nzasrán -a -o: zasrane šipe; vse je zasrano\n \nSlovar slovenskega knjižnega jezika, www.fran.si, dostop 4. 12. 2016.",zasráti
"zjêbati -em in -am dov. (ȇ) vulg. \n1. narediti, povzročiti, da pride kaj v zelo slabo stanje ali propade: Ti naduteži bojo zjebali slovensko košarko \n2. narediti, povzročiti, da pride kdo v skrajno neugoden položaj: S člankom ni hotel nikogar zjebati, hotel je le, da se uredijo razmere glede avtorskih pravic \n3. povzročiti pri kom zmanjšanje telesnih, duševnih sil, zmožnosti za opravljanje česa: Če preveč spiješ, te zjebe E (↑)jébati \nSlovar novejšega besedja slovenskega jezika, www.fran.si, dostop 4. 12. 2016.",zjêbati